{"accuracy": [0.7681882977485657, 0.9186875820159912, 0.9472182393074036, 0.9550641775131226, 0.9557774662971497, 0.9629101157188416], "loss": [0.4722539782524109, 0.18740475177764893, 0.12954948842525482, 0.11193008720874786, 0.10410556197166443, 0.08184441924095154], "val_accuracy": [0.9116809368133545, 0.94017094373703, 0.9572649598121643, 0.9629629850387573, 0.9601139426231384, 0.9629629850387573], "val_loss": [0.18112267553806305, 0.11960021406412125, 0.09437409788370132, 0.08020598441362381, 0.07218989729881287, 0.06614203751087189]}